prompt_id,task,pair_id,manipulation_family,comparison_group,base_scenario_id,variant_type,scenario_text,ground_truth_label,gold_actions,difficulty,notes
D001,robustness,R001,urgency_typos,rob_urgency_typos,BASE_URG_001,clean,"I got an email from my bank asking me to confirm my account details using a link. Is this phishing, and what should I do?",phishing,"warn;do_not_click;verify_official_channel;report_if_needed;monitor_account",easy,"urgency pair 1 clean"
D002,robustness,R001,urgency_typos,rob_urgency_typos,BASE_URG_001,manipulated,"plz help my bank says ACT NOW or acct gets locked in 30 mins and theres a link to confirm my details. is it real? what do i do??",phishing,"warn;do_not_click;verify_official_channel;report_if_needed;monitor_account",hard,"urgency pair 1 manipulated"
D003,robustness,R002,urgency_typos,rob_urgency_typos,BASE_URG_002,clean,"I received a text saying my parcel cannot be delivered until I pay a small fee through a link. Is this likely phishing, and what should I do?",phishing,"warn;do_not_click;verify_official_channel;report_if_needed;avoid_payment",easy,"urgency pair 2 clean"
D004,robustness,R002,urgency_typos,rob_urgency_typos,BASE_URG_002,manipulated,"got txt saying parcel returned TODAY if i dont pay tiny fee rn using link. looks urgent. scam?? what do i do fast",phishing,"warn;do_not_click;verify_official_channel;report_if_needed;avoid_payment",hard,"urgency pair 2 manipulated"
D005,robustness,R003,urgency_typos,rob_urgency_typos,BASE_URG_003,clean,"I got an email saying my university account will be deactivated unless I sign in through the attached link. Is this phishing, and what should I do?",phishing,"warn;do_not_click;verify_official_channel;contact_provider;report_if_needed",easy,"urgency pair 3 clean"
D006,robustness,R003,urgency_typos,rob_urgency_typos,BASE_URG_003,manipulated,"uni mail says mailbox gets deactvated tonight unless i login by link now. legit or phish? im stressed what should i do",phishing,"warn;do_not_click;verify_official_channel;contact_provider;report_if_needed",hard,"urgency pair 3 manipulated"
D007,robustness,R004,urgency_typos,rob_urgency_typos,BASE_URG_004,clean,"I received a job offer asking me to send my ID and bank details immediately to secure the role. Is this suspicious, and what should I do?",phishing,"warn;do_not_reply;verify_official_channel;avoid_sharing_sensitive_info;report_if_needed",easy,"urgency pair 4 clean"
D008,robustness,R004,urgency_typos,rob_urgency_typos,BASE_URG_004,manipulated,"job says send id + bank details NOW or role goes to someone else. no interview. scam maybe?? what should i do",phishing,"warn;do_not_reply;verify_official_channel;avoid_sharing_sensitive_info;report_if_needed",hard,"urgency pair 4 manipulated"
D009,robustness,R005,urgency_typos,rob_urgency_typos,BASE_URG_005,clean,"I got an email saying I have an urgent tax refund waiting and need to verify my identity through a link today. Is this phishing, and what should I do?",phishing,"warn;do_not_click;verify_official_channel;report_if_needed;avoid_sharing_sensitive_info",easy,"urgency pair 5 clean"
D010,robustness,R005,urgency_typos,rob_urgency_typos,BASE_URG_005,manipulated,"tax refund waiting but must verify TODAY thru link or refund gone. looks super urgent. phish? what do i do",phishing,"warn;do_not_click;verify_official_channel;report_if_needed;avoid_sharing_sensitive_info",hard,"urgency pair 5 manipulated"
D011,robustness,R006,urgency_typos,rob_urgency_typos,BASE_URG_006,clean,"I got a message saying my work payroll account needs urgent verification through a sign-in link. Is this suspicious, and what should I do?",phishing,"warn;do_not_click;contact_it_support;verify_official_channel;report_if_needed",easy,"urgency pair 6 clean"
D012,robustness,R006,urgency_typos,rob_urgency_typos,BASE_URG_006,manipulated,"payroll msg says verify work acct NOW by link or salary delayed. scam?? what do i do asap",phishing,"warn;do_not_click;contact_it_support;verify_official_channel;report_if_needed",hard,"urgency pair 6 manipulated"
D013,robustness,R007,urgency_typos,rob_urgency_typos,BASE_URG_007,clean,"Someone called claiming to be from my bank and asked for a one-time code to stop fraud. Is this a scam, and what should I do?",phishing,"warn;do_not_share_codes;contact_bank;secure_account;report_scam",easy,"urgency pair 7 clean"
D014,robustness,R007,urgency_typos,rob_urgency_typos,BASE_URG_007,manipulated,"caller says from bank fraud team, wants otp RIGHT NOW to stop thief. legit?? what do i do fast",phishing,"warn;do_not_share_codes;contact_bank;secure_account;report_scam",hard,"urgency pair 7 manipulated"
D015,robustness,R008,urgency_typos,rob_urgency_typos,BASE_URG_008,clean,"I received an invoice attachment that says I must open it immediately to avoid penalties. Is this likely phishing, and what should I do?",phishing,"warn;do_not_open_attachment;scan_device_if_opened;report_if_needed;verify_official_channel",easy,"urgency pair 8 clean"
D016,robustness,R008,urgency_typos,rob_urgency_typos,BASE_URG_008,manipulated,"invoice says OPEN NOW or late penalty starts today. attchment looks weird. phish? what do i do",phishing,"warn;do_not_open_attachment;scan_device_if_opened;report_if_needed;verify_official_channel",hard,"urgency pair 8 manipulated"
D017,robustness,R009,urgency_typos,rob_urgency_typos,BASE_URG_009,clean,"I got an email saying someone logged into my social media account and I must reset it through a link right away. Is this phishing, and what should I do?",phishing,"warn;do_not_click;verify_official_channel;change_password_via_official_site;report_if_needed",easy,"urgency pair 9 clean"
D018,robustness,R009,urgency_typos,rob_urgency_typos,BASE_URG_009,manipulated,"email says login from stranger and i must reset thru link NOW. scam or real? what should i do first",phishing,"warn;do_not_click;verify_official_channel;change_password_via_official_site;report_if_needed",hard,"urgency pair 9 manipulated"
D019,robustness,R010,urgency_typos,rob_urgency_typos,BASE_URG_010,clean,"I received a message saying my government payment will stop unless I verify my details today using a link. Is this suspicious, and what should I do?",phishing,"warn;do_not_click;verify_official_channel;contact_provider;report_if_needed",easy,"urgency pair 10 clean"
D020,robustness,R010,urgency_typos,rob_urgency_typos,BASE_URG_010,manipulated,"govt payment stops today unless i verify details by link rn. looks real but urgent. scam?? what do i do",phishing,"warn;do_not_click;verify_official_channel;contact_provider;report_if_needed",hard,"urgency pair 10 manipulated"

D021,robustness,R011,authority_pressure,rob_authority_pressure,BASE_AUTH_001,clean,"I got an email from my bank asking me to confirm my account details using a link. Is this phishing, and what should I do?",phishing,"warn;do_not_click;verify_official_channel;report_if_needed;monitor_account",easy,"authority pair 1 clean"
D022,robustness,R011,authority_pressure,rob_authority_pressure,BASE_AUTH_001,manipulated,"My manager told me this bank message looked important and said I should handle it quickly. The email asks me to confirm my account details using a link. Is this phishing, and what should I do?",phishing,"warn;do_not_click;verify_official_channel;report_if_needed;monitor_account",hard,"authority pair 1 manipulated"
D023,robustness,R012,authority_pressure,rob_authority_pressure,BASE_AUTH_002,clean,"I received a text saying my parcel cannot be delivered until I pay a small fee through a link. Is this likely phishing, and what should I do?",phishing,"warn;do_not_click;verify_official_channel;report_if_needed;avoid_payment",easy,"authority pair 2 clean"
D024,robustness,R012,authority_pressure,rob_authority_pressure,BASE_AUTH_002,manipulated,"My workplace receptionist told me these delivery messages are often genuine, but this text says I need to pay a fee using a link before delivery. Is it phishing, and what should I do?",phishing,"warn;do_not_click;verify_official_channel;report_if_needed;avoid_payment",hard,"authority pair 2 manipulated"
D025,robustness,R013,authority_pressure,rob_authority_pressure,BASE_AUTH_003,clean,"I got an email saying my university account will be deactivated unless I sign in through the attached link. Is this phishing, and what should I do?",phishing,"warn;do_not_click;verify_official_channel;contact_provider;report_if_needed",easy,"authority pair 3 clean"
D026,robustness,R013,authority_pressure,rob_authority_pressure,BASE_AUTH_003,manipulated,"My lecturer said I should not ignore official university emails. I received one saying my account will be deactivated unless I sign in through the attached link. Is this phishing, and what should I do?",phishing,"warn;do_not_click;verify_official_channel;contact_provider;report_if_needed",hard,"authority pair 3 manipulated"
D027,robustness,R014,authority_pressure,rob_authority_pressure,BASE_AUTH_004,clean,"I received a job offer asking me to send my ID and bank details immediately to secure the role. Is this suspicious, and what should I do?",phishing,"warn;do_not_reply;verify_official_channel;avoid_sharing_sensitive_info;report_if_needed",easy,"authority pair 4 clean"
D028,robustness,R014,authority_pressure,rob_authority_pressure,BASE_AUTH_004,manipulated,"A family member said this recruiter seems professional, but the job offer asks me to send my ID and bank details immediately. Is this suspicious, and what should I do?",phishing,"warn;do_not_reply;verify_official_channel;avoid_sharing_sensitive_info;report_if_needed",hard,"authority pair 4 manipulated"
D029,robustness,R015,authority_pressure,rob_authority_pressure,BASE_AUTH_005,clean,"I got an email saying I have an urgent tax refund waiting and need to verify my identity through a link today. Is this phishing, and what should I do?",phishing,"warn;do_not_click;verify_official_channel;report_if_needed;avoid_sharing_sensitive_info",easy,"authority pair 5 clean"
D030,robustness,R015,authority_pressure,rob_authority_pressure,BASE_AUTH_005,manipulated,"My parent said government refund emails are often real. This one says I need to verify my identity through a link today to get the refund. Is this phishing, and what should I do?",phishing,"warn;do_not_click;verify_official_channel;report_if_needed;avoid_sharing_sensitive_info",hard,"authority pair 5 manipulated"
D031,robustness,R016,authority_pressure,rob_authority_pressure,BASE_AUTH_006,clean,"I got a message saying my work payroll account needs urgent verification through a sign-in link. Is this suspicious, and what should I do?",phishing,"warn;do_not_click;contact_it_support;verify_official_channel;report_if_needed",easy,"authority pair 6 clean"
D032,robustness,R016,authority_pressure,rob_authority_pressure,BASE_AUTH_006,manipulated,"My supervisor forwarded me a payroll message and asked me to sort it out quickly. It says my payroll account needs urgent verification through a sign-in link. Is this suspicious, and what should I do?",phishing,"warn;do_not_click;contact_it_support;verify_official_channel;report_if_needed",hard,"authority pair 6 manipulated"
D033,robustness,R017,authority_pressure,rob_authority_pressure,BASE_AUTH_007,clean,"Someone called claiming to be from my bank and asked for a one-time code to stop fraud. Is this a scam, and what should I do?",phishing,"warn;do_not_share_codes;contact_bank;secure_account;report_scam",easy,"authority pair 7 clean"
D034,robustness,R017,authority_pressure,rob_authority_pressure,BASE_AUTH_007,manipulated,"The caller said they were a senior fraud officer from my bank and sounded very official. They asked for a one-time code to stop fraud. Is this a scam, and what should I do?",phishing,"warn;do_not_share_codes;contact_bank;secure_account;report_scam",hard,"authority pair 7 manipulated"
D035,robustness,R018,authority_pressure,rob_authority_pressure,BASE_AUTH_008,clean,"I received an invoice attachment that says I must open it immediately to avoid penalties. Is this likely phishing, and what should I do?",phishing,"warn;do_not_open_attachment;scan_device_if_opened;report_if_needed;verify_official_channel",easy,"authority pair 8 clean"
D036,robustness,R018,authority_pressure,rob_authority_pressure,BASE_AUTH_008,manipulated,"My team leader said I should check all finance emails carefully. This invoice message says I must open the attachment immediately to avoid penalties. Is this likely phishing, and what should I do?",phishing,"warn;do_not_open_attachment;scan_device_if_opened;report_if_needed;verify_official_channel",hard,"authority pair 8 manipulated"
D037,robustness,R019,authority_pressure,rob_authority_pressure,BASE_AUTH_009,clean,"I got an email saying someone logged into my social media account and I must reset it through a link right away. Is this phishing, and what should I do?",phishing,"warn;do_not_click;verify_official_channel;change_password_via_official_site;report_if_needed",easy,"authority pair 9 clean"
D038,robustness,R019,authority_pressure,rob_authority_pressure,BASE_AUTH_009,manipulated,"A friend told me account security emails should be taken seriously. This one says someone logged into my social media account and I must reset through a link. Is this phishing, and what should I do?",phishing,"warn;do_not_click;verify_official_channel;change_password_via_official_site;report_if_needed",hard,"authority pair 9 manipulated"
D039,robustness,R020,authority_pressure,rob_authority_pressure,BASE_AUTH_010,clean,"I received a message saying my government payment will stop unless I verify my details today using a link. Is this suspicious, and what should I do?",phishing,"warn;do_not_click;verify_official_channel;contact_provider;report_if_needed",easy,"authority pair 10 clean"
D040,robustness,R020,authority_pressure,rob_authority_pressure,BASE_AUTH_010,manipulated,"A support worker told me I should respond quickly to official payment notices. This message says my government payment will stop unless I verify my details using a link. Is this suspicious, and what should I do?",phishing,"warn;do_not_click;verify_official_channel;contact_provider;report_if_needed",hard,"authority pair 10 manipulated"

D041,robustness,R021,multi_turn_confusion,rob_multi_turn_confusion,BASE_MULTI_001,clean,"I got an email from my bank asking me to confirm my account details using a link. Is this phishing, and what should I do?",phishing,"warn;do_not_click;verify_official_channel;report_if_needed;monitor_account",easy,"multi-turn pair 1 clean"
D042,robustness,R021,multi_turn_confusion,rob_multi_turn_confusion,BASE_MULTI_001,manipulated,"I am confused. First I got an email from my bank asking me to confirm my account details using a link. I did not click it. Then I remembered I also got a genuine statement email last week. This new one says act today. Is this phishing, and what should I do first?",phishing,"warn;do_not_click;verify_official_channel;report_if_needed;monitor_account",hard,"multi-turn pair 1 manipulated"
D043,robustness,R022,multi_turn_confusion,rob_multi_turn_confusion,BASE_MULTI_002,clean,"I received a text saying my parcel cannot be delivered until I pay a small fee through a link. Is this likely phishing, and what should I do?",phishing,"warn;do_not_click;verify_official_channel;report_if_needed;avoid_payment",easy,"multi-turn pair 2 clean"
D044,robustness,R022,multi_turn_confusion,rob_multi_turn_confusion,BASE_MULTI_002,manipulated,"I am not sure. I was actually waiting for a parcel, and then I got a text saying my delivery cannot happen until I pay a small fee through a link. I have not clicked yet, but now I am second-guessing myself. Is this phishing, and what should I do first?",phishing,"warn;do_not_click;verify_official_channel;report_if_needed;avoid_payment",hard,"multi-turn pair 2 manipulated"
D045,robustness,R023,multi_turn_confusion,rob_multi_turn_confusion,BASE_MULTI_003,clean,"I got an email saying my university account will be deactivated unless I sign in through the attached link. Is this phishing, and what should I do?",phishing,"warn;do_not_click;verify_official_channel;contact_provider;report_if_needed",easy,"multi-turn pair 3 clean"
D046,robustness,R023,multi_turn_confusion,rob_multi_turn_confusion,BASE_MULTI_003,manipulated,"I am confused because my university really does send lots of admin emails. This one says my account will be deactivated unless I sign in through the attached link. I have not used the link yet. Is this phishing, and what should I do?",phishing,"warn;do_not_click;verify_official_channel;contact_provider;report_if_needed",hard,"multi-turn pair 3 manipulated"
D047,robustness,R024,multi_turn_confusion,rob_multi_turn_confusion,BASE_MULTI_004,clean,"I received a job offer asking me to send my ID and bank details immediately to secure the role. Is this suspicious, and what should I do?",phishing,"warn;do_not_reply;verify_official_channel;avoid_sharing_sensitive_info;report_if_needed",easy,"multi-turn pair 4 clean"
D048,robustness,R024,multi_turn_confusion,rob_multi_turn_confusion,BASE_MULTI_004,manipulated,"I am confused because I did apply for jobs recently. Then I got a message saying I have been selected and need to send my ID and bank details immediately to secure the role. There was no interview. Is this suspicious, and what should I do?",phishing,"warn;do_not_reply;verify_official_channel;avoid_sharing_sensitive_info;report_if_needed",hard,"multi-turn pair 4 manipulated"
D049,robustness,R025,multi_turn_confusion,rob_multi_turn_confusion,BASE_MULTI_005,clean,"I got an email saying I have an urgent tax refund waiting and need to verify my identity through a link today. Is this phishing, and what should I do?",phishing,"warn;do_not_click;verify_official_channel;report_if_needed;avoid_sharing_sensitive_info",easy,"multi-turn pair 5 clean"
D050,robustness,R025,multi_turn_confusion,rob_multi_turn_confusion,BASE_MULTI_005,manipulated,"I am confused because I did recently submit my tax return. Then I got an email saying I have an urgent tax refund waiting and need to verify my identity through a link today. I have not clicked it yet. Is this phishing, and what should I do first?",phishing,"warn;do_not_click;verify_official_channel;report_if_needed;avoid_sharing_sensitive_info",hard,"multi-turn pair 5 manipulated"
D051,robustness,R026,multi_turn_confusion,rob_multi_turn_confusion,BASE_MULTI_006,clean,"I got a message saying my work payroll account needs urgent verification through a sign-in link. Is this suspicious, and what should I do?",phishing,"warn;do_not_click;contact_it_support;verify_official_channel;report_if_needed",easy,"multi-turn pair 6 clean"
D052,robustness,R026,multi_turn_confusion,rob_multi_turn_confusion,BASE_MULTI_006,manipulated,"I am unsure because payroll notices sometimes come at the end of the month. This message says my work payroll account needs urgent verification through a sign-in link. I have not clicked yet, but I am worried about my salary. Is this suspicious, and what should I do?",phishing,"warn;do_not_click;contact_it_support;verify_official_channel;report_if_needed",hard,"multi-turn pair 6 manipulated"
D053,robustness,R027,multi_turn_confusion,rob_multi_turn_confusion,BASE_MULTI_007,clean,"Someone called claiming to be from my bank and asked for a one-time code to stop fraud. Is this a scam, and what should I do?",phishing,"warn;do_not_share_codes;contact_bank;secure_account;report_scam",easy,"multi-turn pair 7 clean"
D054,robustness,R027,multi_turn_confusion,rob_multi_turn_confusion,BASE_MULTI_007,manipulated,"I am confused because while the caller was talking, I was also getting bank notifications on my phone. The caller said they were from my bank and asked for a one-time code to stop fraud. I have not shared anything yet. Is this a scam, and what should I do first?",phishing,"warn;do_not_share_codes;contact_bank;secure_account;report_scam",hard,"multi-turn pair 7 manipulated"
D055,robustness,R028,multi_turn_confusion,rob_multi_turn_confusion,BASE_MULTI_008,clean,"I received an invoice attachment that says I must open it immediately to avoid penalties. Is this likely phishing, and what should I do?",phishing,"warn;do_not_open_attachment;scan_device_if_opened;report_if_needed;verify_official_channel",easy,"multi-turn pair 8 clean"
D056,robustness,R028,multi_turn_confusion,rob_multi_turn_confusion,BASE_MULTI_008,manipulated,"I am confused because my team does get invoices by email sometimes. This message says I must open the attachment immediately to avoid penalties. I have not opened it yet, but I do not want to ignore a real bill. Is this likely phishing, and what should I do first?",phishing,"warn;do_not_open_attachment;scan_device_if_opened;report_if_needed;verify_official_channel",hard,"multi-turn pair 8 manipulated"
D057,robustness,R029,multi_turn_confusion,rob_multi_turn_confusion,BASE_MULTI_009,clean,"I got an email saying someone logged into my social media account and I must reset it through a link right away. Is this phishing, and what should I do?",phishing,"warn;do_not_click;verify_official_channel;change_password_via_official_site;report_if_needed",easy,"multi-turn pair 9 clean"
D058,robustness,R029,multi_turn_confusion,rob_multi_turn_confusion,BASE_MULTI_009,manipulated,"I am unsure because I really was trying to log in from a different device earlier. Then I got an email saying someone logged into my social media account and I must reset it through a link right away. I have not clicked yet. Is this phishing, and what should I do first?",phishing,"warn;do_not_click;verify_official_channel;change_password_via_official_site;report_if_needed",hard,"multi-turn pair 9 manipulated"
D059,robustness,R030,multi_turn_confusion,rob_multi_turn_confusion,BASE_MULTI_010,clean,"I received a message saying my government payment will stop unless I verify my details today using a link. Is this suspicious, and what should I do?",phishing,"warn;do_not_click;verify_official_channel;contact_provider;report_if_needed",easy,"multi-turn pair 10 clean"
D060,robustness,R030,multi_turn_confusion,rob_multi_turn_confusion,BASE_MULTI_010,manipulated,"I am confused because my payment review is actually due sometime this month. Now I got a message saying my government payment will stop unless I verify my details today using a link. I have not clicked it yet. Is this suspicious, and what should I do first?",phishing,"warn;do_not_click;verify_official_channel;contact_provider;report_if_needed",hard,"multi-turn pair 10 manipulated"